{"de_mirage":[{"grenade":{"delay":16.0,"jump":true,"strength":0.5},"name":"close ","position":[-1917.1973876953125,327.32403564453125,-159.96875],"viewangles":[-21.302692413330078,-92.42546844482422],"weapon":"weapon_molotov"}]}